filename,text
sample_0001.png,hello world
sample_0002.png,good morning everyone
sample_0003.png,i love technology
sample_0004.png,braille helps people read
sample_0005.png,this is a braille recognition system
sample_0006.png,accessibility is important
sample_0007.png,artificial intelligence improves daily life
sample_0008.png,machine learning powers smart applications
sample_0009.png,computer vision analyzes visual information
sample_0010.png,reading braille requires practice and patience
sample_0011.png,technology creates opportunities for everyone
sample_0012.png,the system recognizes braille characters accurately
sample_0013.png,people use smartphones for many tasks
sample_0014.png,good software improves user experience
sample_0015.png,education opens doors to new possibilities
sample_0016.png,the camera captures clear braille images
sample_0017.png,innovation drives progress in society
sample_0018.png,data helps organizations make decisions
sample_0019.png,assistive technology supports independent living
sample_0020.png,every student deserves equal access to learning
sample_0021.png,the project focuses on accessibility solutions
sample_0022.png,research leads to meaningful discoveries
sample_0023.png,the application processes images efficiently
sample_0024.png,digital tools simplify complex workflows
sample_0025.png,vision systems can detect important patterns
sample_0026.png,developers build applications to solve problems
sample_0027.png,training data improves model performance
sample_0028.png,the recognition engine converts braille to text
sample_0029.png,communication is essential for collaboration
sample_0030.png,people benefit from inclusive technology
sample_0031.png,the future depends on innovation and creativity
sample_0032.png,mobile devices provide instant connectivity
sample_0033.png,knowledge grows through continuous learning
sample_0034.png,software testing improves product quality
sample_0035.png,the browser displays information quickly
sample_0036.png,security protects user information online
sample_0037.png,the platform supports multiple features
sample_0038.png,good design enhances usability and accessibility
sample_0039.png,the student completed the assignment successfully
sample_0040.png,technology connects people around the world
sample_0041.png,the application provides accurate results
sample_0042.png,machine learning models require quality data
sample_0043.png,the engineer improved the processing pipeline
sample_0044.png,users appreciate fast and reliable systems
sample_0045.png,the project demonstrates practical innovation
sample_0046.png,accessibility features help diverse communities
sample_0047.png,the software generates useful insights
sample_0048.png,computer systems process information rapidly
sample_0049.png,the interface is simple and intuitive
sample_0050.png,researchers explore advanced recognition methods
sample_0051.png,the model predicts outcomes effectively
sample_0052.png,good documentation supports development efforts
sample_0053.png,the organization values accessibility and inclusion
sample_0054.png,the camera detected all braille cells correctly
sample_0055.png,the application supports real time processing
sample_0056.png,developers continuously improve system performance
sample_0057.png,data analysis reveals important trends
sample_0058.png,the user uploaded a clear image
sample_0059.png,the recognition accuracy exceeded expectations
sample_0060.png,the platform handles multiple requests efficiently
sample_0061.png,the algorithm identifies patterns successfully
sample_0062.png,the project showcases artificial intelligence capabilities
sample_0063.png,communication tools improve teamwork and productivity
sample_0064.png,the engineer optimized the detection algorithm
sample_0065.png,technology empowers people to achieve more
sample_0066.png,the dataset contains labeled braille samples
sample_0067.png,the system reconstructs complete sentences accurately
sample_0068.png,quality assurance ensures reliable operation
sample_0069.png,the software adapts to changing requirements
sample_0070.png,students learn effectively using assistive tools
sample_0071.png,the application converts images into readable text
sample_0072.png,the model was trained on diverse examples
sample_0073.png,the platform provides secure access to information
sample_0074.png,the recognition system handles complex inputs
sample_0075.png,research improves accessibility for everyone
sample_0076.png,the interface responds quickly to user actions
sample_0077.png,developers monitor application performance regularly
sample_0078.png,the project demonstrates practical machine learning
sample_0079.png,the software processes images with high accuracy
sample_0080.png,the organization supports inclusive education initiatives
sample_0081.png,the recognition engine extracts meaningful information
sample_0082.png,the application improves communication accessibility
sample_0083.png,users rely on technology for daily activities
sample_0084.png,the dataset includes words and sentences
sample_0085.png,the algorithm performs well on real images
sample_0086.png,the software provides valuable assistance to users
sample_0087.png,innovation helps solve challenging problems
sample_0088.png,the recognition model learns from examples
sample_0089.png,the camera captured a high quality image
sample_0090.png,developers created an efficient processing pipeline
sample_0091.png,the application supports accessibility requirements
sample_0092.png,machine learning enhances recognition performance
sample_0093.png,the software translates braille into text
sample_0094.png,the platform enables effective communication
sample_0095.png,the recognition process is fully automated
sample_0096.png,research teams explore new accessibility solutions
sample_0097.png,the project focuses on practical implementation
sample_0098.png,the system identifies braille patterns correctly
sample_0099.png,technology improves educational opportunities
sample_0100.png,the model achieved strong evaluation results
sample_0101.png,users benefit from accurate recognition systems
sample_0102.png,the platform supports scalable deployment options
sample_0103.png,the software handles complex recognition tasks
sample_0104.png,the engineer analyzed system performance carefully
sample_0105.png,the recognition pipeline processes data efficiently
sample_0106.png,the application delivers reliable output consistently
sample_0107.png,the system supports multiple operating environments
sample_0108.png,accessibility technology changes lives positively
sample_0109.png,the recognition engine improves reading accessibility
sample_0110.png,developers tested the application extensively
sample_0111.png,the software architecture supports future growth
sample_0112.png,the project achieved excellent recognition accuracy
sample_0113.png,the model generalizes well to new data
sample_0114.png,the application processes sentence level inputs
sample_0115.png,the camera image was successfully analyzed
sample_0116.png,the recognition workflow is highly efficient
sample_0117.png,the software supports educational accessibility programs
sample_0118.png,the algorithm improves text reconstruction quality
sample_0119.png,the platform integrates multiple processing modules
sample_0120.png,users appreciate the accessible design approach
sample_0121.png,the project contributes to inclusive technology development
sample_0122.png,the system converts braille quickly and accurately
sample_0123.png,the model performs consistently across datasets
sample_0124.png,the recognition engine handles noisy inputs effectively
sample_0125.png,the application supports assistive communication tools
sample_0126.png,the software improves access to information
sample_0127.png,technology continues to evolve rapidly
sample_0128.png,the project demonstrates engineering excellence
sample_0129.png,the recognition system supports real world usage
sample_0130.png,the algorithm adapts to different image conditions
sample_0131.png,the dataset contains realistic training samples
sample_0132.png,the platform improves accessibility outcomes
sample_0133.png,the software enables independent reading experiences
sample_0134.png,the application provides accurate sentence reconstruction
sample_0135.png,the engineer validated the recognition results
sample_0136.png,the system processes multi line braille text
sample_0137.png,the recognition engine detects braille cells reliably
sample_0138.png,users can easily upload images for analysis
sample_0139.png,the platform delivers fast recognition results
sample_0140.png,the application improves accessibility through innovation
sample_0141.png,the software successfully recognizes braille sentences
sample_0142.png,the model supports robust text prediction
sample_0143.png,the recognition system performs well under varying conditions
sample_0144.png,the project highlights the value of inclusive technology
sample_0145.png,the application converts braille documents into readable text
sample_0146.png,the system helps users access information independently
sample_0147.png,the recognition engine achieves high performance accuracy
sample_0148.png,the software supports efficient accessibility solutions
sample_0149.png,the project demonstrates the power of machine learning
sample_0150.png,the platform provides reliable braille recognition services
